league_group,market,picks,wins,losses,hit_rate,avg_p_model,primary_gate_share
Premier League,BTTS_YES,123,70,53,0.5691056910569106,0.5599002846662668,0.7317073170731707
Serie A,OU25_UNDER,123,65,58,0.5284552845528455,0.5747586713709028,0.7967479674796748
Ligue 1,OU25_OVER,67,31,36,0.4626865671641791,0.539403107293797,0.6417910447761194
Ligue 1,BTTS_YES,39,18,21,0.46153846153846156,0.567870774469256,0.717948717948718
Premier League,OU25_UNDER,13,8,5,0.6153846153846154,0.543149605421599,0.46153846153846156
Ligue 1,BTTS_NO,4,1,3,0.25,0.5179766088783165,0.0
Serie A,BTTS_YES,2,1,1,0.5,0.5569927620846662,0.0
