league_group,odds_bucket,picks,wins,losses,hit_rate,avg_p_model,primary_gate_share
Premier League,missing,133,76,57,0.5714285714285714,0.5593315358944084,0.6992481203007519
Serie A,missing,113,59,54,0.5221238938053098,0.5763484862161656,0.7610619469026548
Ligue 1,missing,102,48,54,0.47058823529411764,0.5511824213473283,0.6176470588235294
Serie A,1.70-2.09,12,7,5,0.5833333333333334,0.5568269300303054,1.0
Ligue 1,1.70-2.09,5,1,4,0.2,0.5176283705663752,1.0
Ligue 1,2.10-2.59,3,1,2,0.3333333333333333,0.5167086660797623,1.0
Premier League,1.70-2.09,3,2,1,0.6666666666666666,0.5125285368250925,1.0
