league_group,prob_bucket,picks,wins,losses,hit_rate,avg_p_model,primary_gate_share
Premier League,0.52-0.55,88,52,36,0.5909090909090909,0.5512583320779041,0.7272727272727273
Serie A,0.56-0.59,66,41,25,0.6212121212121212,0.5701588120987842,0.8787878787878788
Ligue 1,0.52-0.55,65,35,30,0.5384615384615384,0.542966438317948,0.5846153846153846
Serie A,0.52-0.55,58,29,29,0.5,0.5398421514417385,0.6724137931034483
Premier League,0.56-0.59,48,26,22,0.5416666666666666,0.5734131744520713,0.6666666666666666
Ligue 1,0.56-0.59,41,22,19,0.5365853658536586,0.5728408734995292,0.5609756097560976
Ligue 1,0.60-0.64,4,2,2,0.5,0.6057449903591811,0.0
Serie A,0.60-0.64,1,1,0,1.0,0.6267526148389688,1.0
