league_group,market,picks,wins,losses,hit_rate,avg_p_model,primary_gate_share
Premier League,BTTS_YES,126,72,54,0.5714285714285714,0.5596127487027736,0.7380952380952381
Serie A,OU25_UNDER,123,65,58,0.5284552845528455,0.5747586713709028,0.7967479674796748
Ligue 1,BTTS_YES,56,25,31,0.44642857142857145,0.5622089404177429,0.75
Ligue 1,OU25_OVER,51,27,24,0.5294117647058824,0.5478603988917619,0.5686274509803921
Premier League,OU25_UNDER,10,6,4,0.6,0.5523359260005509,0.3
Ligue 1,BTTS_NO,3,0,3,0.0,0.5233821735434744,0.0
Serie A,BTTS_YES,2,1,1,0.5,0.5569927620846662,0.0
