league_group,odds_bucket,picks,wins,losses,hit_rate,avg_p_model,primary_gate_share
Premier League,missing,136,78,58,0.5735294117647058,0.5590776882099631,0.7058823529411765
Serie A,missing,113,59,54,0.5221238938053098,0.5763484862161656,0.7610619469026548
Ligue 1,missing,107,51,56,0.4766355140186916,0.5551880007814816,0.6355140186915887
Serie A,1.70-2.09,12,7,5,0.5833333333333334,0.5568269300303054,1.0
Ligue 1,1.70-2.09,2,1,1,0.5,0.5320574466182788,1.0
Ligue 1,2.10-2.59,1,0,1,0.0,0.5254965506488032,1.0
