league_group,market,picks,wins,losses,hit_rate,avg_p_model,primary_gate_share
Premier League,BTTS_YES,120,68,52,0.5666666666666667,0.5597981083664597,0.7333333333333333
Ligue 1,BTTS_YES,100,45,55,0.45,0.570101748238551,0.68
Serie A,OU25_UNDER,68,40,28,0.5882352941176471,0.5804200403149938,0.7352941176470589
Serie A,OU25_OVER,55,31,24,0.5636363636363636,0.4294243670104895,0.8727272727272727
Premier League,OU25_UNDER,16,9,7,0.5625,0.5274914980097873,0.5
Ligue 1,OU25_OVER,10,7,3,0.7,0.47499290072401834,0.3
Serie A,BTTS_YES,2,1,1,0.5,0.5569927620846662,0.0
