league_group,market,picks,wins,losses,hit_rate,avg_p_model,primary_gate_share
Premier League,BTTS_YES,126,72,54,0.5714285714285714,0.5596127487027736,0.7380952380952381
Serie A,OU25_UNDER,87,50,37,0.5747126436781609,0.5663744813297015,0.896551724137931
Ligue 1,BTTS_YES,56,27,29,0.48214285714285715,0.5634683437582185,0.6428571428571429
Ligue 1,OU25_OVER,52,29,23,0.5576923076923077,0.5481811729735013,0.5192307692307693
Serie A,BTTS_NO,36,20,16,0.5555555555555556,0.532764266586839,0.5555555555555556
Premier League,OU25_UNDER,10,6,4,0.6,0.5523359260005509,0.3
Ligue 1,OU25_UNDER,2,1,1,0.5,0.583984441785574,0.0
Serie A,BTTS_YES,2,1,1,0.5,0.5569927620846662,0.0
