league_group,market,picks,wins,losses,hit_rate,avg_p_model,primary_gate_share
Premier League,BTTS_YES,126,72,54,0.5714285714285714,0.5596127487027736,0.7380952380952381
Serie A,OU25_UNDER,123,65,58,0.5284552845528455,0.5747586713709028,0.7967479674796748
Ligue 1,OU25_OVER,68,32,36,0.47058823529411764,0.5446731988921972,0.6029411764705882
Ligue 1,BTTS_YES,38,18,20,0.47368421052631576,0.5548840047695199,0.7894736842105263
Premier League,OU25_UNDER,10,6,4,0.6,0.5523359260005509,0.3
Ligue 1,OU25_UNDER,4,1,3,0.25,0.5731441416140053,0.0
Serie A,BTTS_YES,2,1,1,0.5,0.5569927620846662,0.0
