league_group,prob_bucket,picks,wins,losses,hit_rate,avg_p_model,primary_gate_share
Serie A,0.56-0.59,91,51,40,0.5604395604395604,0.5760182493407459,0.8021978021978022
Premier League,0.52-0.55,88,52,36,0.5909090909090909,0.5512583320779041,0.7272727272727273
Ligue 1,0.52-0.55,84,37,47,0.44047619047619047,0.5417369431743693,0.7142857142857143
Premier League,0.56-0.59,48,26,22,0.5416666666666666,0.5734131744520713,0.6666666666666666
Ligue 1,0.56-0.59,24,13,11,0.5416666666666666,0.5708703085730217,0.4583333333333333
Serie A,0.52-0.55,24,10,14,0.4166666666666667,0.5523333662562089,0.8333333333333334
Serie A,0.60-0.64,10,5,5,0.5,0.6135640622633485,0.5
Ligue 1,0.60-0.64,2,1,1,0.5,0.6045778199838246,0.0
